,outcome,mini_effect,mini_se,mini_p,gpt4o_effect,gpt4o_se,interaction,interaction_p,r_squared,n_obs
0,pm25,-0.0699999999999979,0.12288205727444514,0.57245162947267,-1.2700000000000018,0.12288205727444511,-1.200000000000004,4.37231379741598e-08,0.7781405599542893,40
1,gdp_per_capita,-204.76999999997852,371.1598185418244,0.5845605131999789,307.4299999999877,371.1598185418243,512.1999999999662,0.33567234271542346,0.027841546548485807,40
2,poverty_rate,-0.5599999999999979,0.4257999008402367,0.19676803736407578,-2.1100000000000025,0.4257999008402366,-1.5500000000000047,0.014314183202167999,0.43993238344080776,40
