,outcome,base_effect,base_se,base_p,mini_effect,mini_se,mini_diff,mini_diff_p,grok_effect,grok_se,grok_diff,grok_diff_p,r_squared,n_obs
0,pm25,-1.2459999999999811,0.032229584240108244,3.141119106597183e-238,-0.16266666666666563,0.0322295842401082,1.0833333333333155,9.331348585762832e-109,-1.5151351351351343,0.032338284664185916,-0.26913513513515325,4.473481866663235e-09,0.7020634217650583,1796
1,gdp_per_capita,334.58447157215414,135.58390747775212,0.01369115662618199,390.45609157360377,135.92528971298034,55.87162000144963,0.7710708315807178,789.9957254327182,137.43344233771174,455.4112538605641,0.018434774702560053,0.043773085370248044,1778
2,poverty_rate,-1.8904295302013672,0.08977055889373725,3.924375753839905e-88,-0.6910000000000103,0.08962031517522673,1.199429530201357,9.695396711870423e-21,-3.4418060200668776,0.08977005682547196,-1.5513764898655105,4.842668325153583e-33,0.5494406491561028,1796
