,outcome,model,effect,effect_se,correlation_between_models,variance_ratio
0,pm25,grok-beta,-1.5321287878787873,0.03380434050444759,0.8905391691799721,2.25244114289058
1,pm25,gpt-4o,-1.2454999999999998,0.03230006459641111,0.8905391691799721,1.4116917577446324
2,pm25,gpt-4o-mini,-0.15024999999999977,0.011641489571726713,0.8905391691799721,0.04326241646937909
3,gdp_per_capita,grok-beta,776.7754468706116,54.541629670411,0.2241251452783157,0.18380979995351254
4,gdp_per_capita,gpt-4o,403.19446616541245,80.85049970091428,0.2241251452783157,0.36426939849745577
5,gdp_per_capita,gpt-4o-mini,349.16269136317715,181.46265536044328,0.2241251452783157,5.894948929320634
6,poverty_rate,grok-beta,-3.4240601503759382,0.08929212444374159,0.8179079320804344,2.7493927331285737
7,poverty_rate,gpt-4o,-1.8310270780856452,0.07929683002838983,0.8179079320804344,0.7802664552285526
8,poverty_rate,gpt-4o-mini,-0.7066979949874685,0.057283438040718095,0.8179079320804344,0.2297149975127994
