,outcome,mini_effect,mini_se,mini_p,gpt4o_effect,gpt4o_se,interaction,interaction_p,r_squared,n_obs
0,pm25,-0.1399999999999992,0.17469247355699197,0.4283027550583596,-1.4277777777777754,0.17947945503466814,-1.2877777777777761,1.0452875580993088e-05,0.6702734506923338,39
1,gdp_per_capita,-346.74000000001513,344.2919197259377,0.3207939241688822,183.53999999998007,353.7263218446066,530.2799999999952,0.29005190158009425,0.07169766335827776,39
2,poverty_rate,-0.13999999999999732,0.3655285366576884,0.7039668679201139,-1.780000000000002,0.36552853665768836,-1.6400000000000048,0.0030868734974994257,0.4326625934750301,40
