,outcome,model,effect,model_correlation
0,pm25,gpt-4o-mini,-0.1399999999999988,0.9999999999999936
1,pm25,gpt-4o,-1.4277777777777771,0.9999999999999936
2,gdp_per_capita,gpt-4o-mini,-346.74000000000524,-0.9999999999999393
3,gdp_per_capita,gpt-4o,183.5399999999936,-0.9999999999999393
4,poverty_rate,gpt-4o-mini,-0.14000000000000057,1.0000000000000069
5,poverty_rate,gpt-4o,-1.780000000000003,1.0000000000000069
