,outcome,base_effect,base_se,base_p,mini_effect,mini_se,mini_diff,mini_diff_p,grok_effect,grok_se,grok_diff,grok_diff_p,r_squared,n_obs
0,pm25,-1.2824999999999875,0.038762656532427,8.609665890496945e-171,-0.1610000000000129,0.03876265653242696,1.1214999999999746,5.877475429835698e-80,-1.5442385786801796,0.03890995024816577,-0.26173857868019196,2.1153380555637207e-06,0.7174348385873622,1197
1,gdp_per_capita,328.62649999994323,166.87951976239816,0.04915894059371048,157.86297396071427,167.5093916313772,-170.76352603922896,0.470314748375664,782.735931978204,169.44273151757417,454.10943197826083,0.05644713865126131,0.03959764149944944,1185
2,poverty_rate,-1.9195909090908798,0.1137683503102381,1.9632547640404242e-57,-0.7504999999999962,0.11348214017050635,1.1690909090908836,6.250487101362969e-13,-3.438693467336688,0.11376691386837441,-1.519102558245808,1.8643051697483318e-20,0.5389083390649703,1196
