,outcome,model,effect,effect_se,correlation_between_models,variance_ratio
0,pm25,grok-beta,-1.5108188150494541,0.030052770160489593,0.9118905769173595,2.1912637967153277
1,pm25,gpt-4o,-1.2597999999999985,0.0287590710617828,0.9118905769173595,1.4584365677186606
2,pm25,gpt-4o-mini,-0.14979999999999905,0.010739080766593714,0.9118905769173595,0.046185292505453966
3,gdp_per_capita,grok-beta,802.4685413696425,49.2525812016014,0.2460275123896379,0.2029520217631461
4,gdp_per_capita,gpt-4o,387.6124248496926,71.84891737043442,0.2460275123896379,0.3836231677323274
5,gdp_per_capita,gpt-4o-mini,264.2509759962413,155.59296671241458,0.2460275123896379,5.411997872492324
6,poverty_rate,grok-beta,-3.4200400801603212,0.07893213483316469,0.8187761506790915,2.7383653572400726
7,poverty_rate,gpt-4o,-1.761625352112679,0.072856542015271,0.8187761506790915,0.7982237155223638
8,poverty_rate,gpt-4o-mini,-0.6791378757515041,0.04952882293767671,0.8187761506790915,0.214572764240909
