,outcome,model,effect,effect_se,correlation_between_models,variance_ratio
0,pm25,grok-beta,-1.6186701030927857,0.07251430831414069,0.6935843869284489,2.515256425623252
1,pm25,gpt-4o,-1.2779999999999987,0.06189825473625196,0.6935843869284489,1.278864445681588
2,pm25,gpt-4o-mini,-0.14599999999999902,0.022460290435892576,0.6935843869284489,0.03719342388887379
3,gdp_per_capita,grok-beta,962.1257100778457,120.87197967465639,0.034783577672705256,0.180180724139629
4,gdp_per_capita,gpt-4o,504.1850000000122,180.51981122669952,0.034783577672705256,0.34415847554130075
5,gdp_per_capita,gpt-4o-mini,-271.1290303030255,418.3513943317951,0.034783577672705256,6.228315729255178
6,poverty_rate,grok-beta,-3.423787878787879,0.1844435391795237,0.5347455577708677,2.5371895555259383
7,poverty_rate,gpt-4o,-2.0916464646464643,0.15581063933988948,0.5347455577708677,0.8055741425735379
8,poverty_rate,gpt-4o-mini,-0.8640000000000043,0.13264671694072008,0.5347455577708677,0.3007114526670129
