,outcome,model,effect,effect_se,correlation_between_models,variance_ratio
0,pm25,grok-beta,-1.5442385786802033,0.04621825518395314,0.8432218687976736,2.162353747330206
1,pm25,gpt-4o,-1.2824999999999989,0.04616818445944573,0.8432218687976736,1.4917880420736989
2,pm25,gpt-4o-mini,-0.1609999999999996,0.016080669752796147,0.8432218687976736,0.04221845614366162
3,gdp_per_capita,grok-beta,782.7359319782117,78.09828304064314,0.09169318885291998,0.19202741085999345
4,gdp_per_capita,gpt-4o,328.62650000001304,121.51061260123491,0.09169318885291998,0.42346295794148087
5,gdp_per_capita,gpt-4o-mini,157.86297396071313,251.09573179379836,0.09169318885291998,5.175006189207868
6,poverty_rate,grok-beta,-3.438693467336682,0.13178259194992742,0.7134850952476887,2.560472790049865
7,poverty_rate,gpt-4o,-1.9195909090909105,0.11639077161222615,0.7134850952476887,0.7995332693782768
8,poverty_rate,gpt-4o-mini,-0.7504999999999988,0.08899889192467002,0.7134850952476887,0.26127751480368216
