,outcome,model,effect,effect_se,correlation_between_models,variance_ratio
0,pm25,gpt-4o-mini,-0.07000000000000028,0.06708203932499386,0.08881234083566625,0.0413876174415805
1,pm25,gpt-4o,-1.2699999999999996,0.16031219541881403,0.08881234083566625,24.161816065191992
2,gdp_per_capita,gpt-4o-mini,-204.76999999998952,419.6651967276348,-0.18964053950748666,1.7051746329116753
3,gdp_per_capita,gpt-4o,307.43000000000757,315.27820168155586,-0.18964053950748666,0.586450197357468
4,poverty_rate,gpt-4o-mini,-0.5600000000000005,0.23828088000882017,0.2930289509120535,0.13413544104207045
5,poverty_rate,gpt-4o,-2.1099999999999994,0.5530220007679019,0.2930289509120535,7.455151242887094
