,outcome,base_effect,base_se,base_p,mini_effect,mini_se,mini_diff,mini_diff_p,grok_effect,grok_se,grok_diff,grok_diff_p,r_squared,n_obs
0,pm25,-1.27799999999999,0.056291927466662305,1.605500130110923e-82,-0.14600000000000102,0.056291927466662346,1.131999999999989,1.1167520996941363e-39,-1.6186701030927937,0.056725504558948876,-0.3406701030928036,2.3490449663330104e-05,0.7208322837539984,597
1,gdp_per_capita,504.18500000002297,272.85714152575963,0.06513353580953324,-271.1290303031312,273.5453069100734,-775.3140303031541,0.04524031687010922,962.1257100777846,276.33680245696564,457.94071007776165,0.23879294632520284,0.04257406772387329,594
2,poverty_rate,-2.09164646464643,0.1592700293410834,9.317976159818959e-35,-0.8639999999999648,0.15886934938722505,1.2276464646464653,7.119910049879156e-08,-3.4237878787878784,0.1592700293410839,-1.3321414141414483,5.638201694041681e-09,0.5470516287198348,598
